Title,Author,Book number,Status
New trainers ,oxford reading tree-term-1,SY-752,Available
A new dog,oxford ,SY-753,Available
What abad dog,oxford reading tree,SY-754,Available
The GO- kart,oxford reading tree,SY-755,Available
The dream,oxford,SY-756,Available
The toys party,oxford,SY-757,Available
A cat in the tree ,oxford,SY-758,Available
A cat in the tree,oxfrd,SY-759,Available
On the sand ,Oxford term-II KG,SY-760,Available
ON THE sand,Oxford ,SY-761,Available
On the sand,Oxford,SY-762,Available
The Rope swing,oxford,SY-763,Available
The Rope swing,oxford,SY-764,Available
The rope swing ,oxford,SY-765,Available
By the stream,Oxford ,SY-766,Available
By the stream ,Oxford,SY-767,Available
By the stream,oxford,SY-768,Available
A cat in the tree,oxford,SY-769,Available
No body wanted to play,oxford,SY-770,Available
No body wanted to play ,oxford,SY-771,Available
No body wanted to play,oxford,SY-772,Available
The Egg hunt,oxford,SY-773,Available
The egg hunt,oxford,SY-774,Available
The egg hunt,oxford,SY-775,Available
Who is it?,oxford,SY-776,Available
Who is it?,oxford,SY-777,Available
Who is it?,oxford,SY-778,Available
Floppy Floppy,oxford,SY-779,Available
Floppy Floppy ,oxford,SY-780,Available
Floppy Floppy,oxford,SY-781,Available
Six in a bed ,oxford,SY-782,Available
Six in a bed ,oxford,SY-783,Available
Six in a bed,oxford,SY-784,Available
