Institute name,Institute address,Institute phone,Institute language,Institute currency,Institute time zone,Image
The Educators Taxila Campus,"Karm Complex, Near Timber Market, GT Road, Taxila",051-4547700,en,PKR,PLT,"data:image/png;base64,iVBORw0KGgoAAAANSUhEUgAAAJYAAABuCAYAAADFwOqWAAAABGdBTUEAALGP
C/xhBQAAAAFzUkdCAK7OHOkAAAAgY0hSTQAAeiYAAICEAAD6AAAAgOgAAHUw
AADqYAAAOpgAABdwnLpRPAAAAAZiS0dEAP8A/wD/oL2nkwAAAAlwSFlzAAAA
SAAAAEgARslrPgAARkRJREFUeNrtvWeUJNd53/27t1KnyWFnZidtzjkCWCxA
AItIgAABEiDBIImURcqirGBKliVS1LFlybIlS9Z5ZUk0RSXmDBAkERaByFhs
wOa8M7uT80znrqp73w9V3dOzAYkAd9ZHzzmTurtqbtX915OD0FprZgMVVyHA
B1ygq5Bn/9QU2WgMoQSgUAKE1EhfoIVCS4HSGpRACAOpfDTBZ5QITiuEQPoi
OL2WaK3RQoEh0fhorTG0gRACpT20FAgMlFIYIlxY8TgZnMdQEi0USqrgXEog
hChdhvRFsDY0WmoMDVprTEyUCq5DGsF5lVKARAiN1OALH4ERnMhXGFKigVg+
x/rqauaaJgZgBLdrVpJ5uRdQIq1BTN8mBRw4cIAvfOkfKEQiGJ5CCo1vCAzb
wi/4WJaFsCSZXBbDiuIYJl4yhUChDYlrSGQijqvB0gLhush0FoHCFxLLMdFS
4ObyGL5GGxIdi2DZNn46h+d5RBIx8q6PX3CJxyJ4BRflFbC0Qd73EIkIwjKR
rks+m0OaFtFoFDedRfseQmsUoEyJ4zj42TymlPhao02JdGIUsjmk6yK0j29K
7GgMYVjkM1mk6wIgHIdIIcef/vKnaFm+9HLv1hvS7AGWnAaVDr8ymRxtzc3c
98ADiGQq2KiKCp746TNsWLeeva/t48ipE/y7T3ySZ1/axUDXaT79kQ9TYVlo
x+HI8BBffPRR/KiDyGbYOG8ed2/cSgwN8SgvvrKLnp4e7vrw7cSlwam+Xr75
3LNMJFO8/9rttLa28g/f/habtmxlced8vvO1r1AbdfjQ3fczb04TR7rO8I+P
P8ZEJkNHRRX33P8h+kdHeej7P+De225nWUcH7uQEdiLB2VSKr33j69x7w41c
e9VWhsfH+JfvfJejAwPcccttbGprw0Tz6plTPPbcc2SyGdYvW8l9N9xIKpXi
n3/0YwbOniGPxiXgVgE7vtwbd4ntvNwLuBQpwBMaKx6jvmkON69fxy2bNtHY
NIeKmmpu37SJhW2tJKTJzctWMq+jjUQkyns3beLqtWtpae+gZm4rruPgWhau
htbWVm5dt5b1K1fQ1jmPaFUVnS0t7Fi1hqWLl/ChHbfwm5/6NEY+x8YVy7lz
w0YMLVi1YiW3rV2DozUfvfc+bl67nszUJHdcdQ333nsvuXSGRW2t3LF6Lfe9
50YSkSjxigQLFy/i9q1XsWXlKhKxGJs3b+bjd97FxNAg6xct5dMf/xjS89i6
cQPXrVzJ4nkdfPrOu7n92m00JxL81ic/SVVVFatXr+Kz/+l3MCNRXO1f7q15
UzRrgSUBMxplX08Pn/r8H3Kgv4+TY2P8yuc+z67Tp/EBsjkM10MCft7F9wP9
6juPPsqDn/2P/Pd/+Vd8y0b7wYOtwvf/19/9LR/5nf/EN556BisexwP+wx99
gX/c+QRbmueyvK4ONT6BAkzlQ6GADyRMm6VtHbx26iR/8D//nEFg2bJlWJ7L
wuYmIkAcaGtu4v988+v8wV//FRngX7/1Df7sL/6cRStWMAr88V/8Bc+98CzL
mltpTCRAuewe7udXfvs3GE1PctPadVyzaBE1wB/++X/n9//mr+kaHSVWVV26
P+dpDrOOLrsoPP8G6bIXtGGSM02QAm2Y+KZARSJ4hokAHM8j6ns4gKFB6EBE
GKZAOA6+IVFoZKgUG2hMwDRNtGXihXLEA7ICzg4NYgIJJKbWSED7CkkAdFtr
TF8jpEkhFufLjz9GtpDFNE0629rp6u+junEO7S0tvNh9BhWJBg+ANDEsEy8U
Y1Y0hkBiAJYAw9dI5eGmsoiCR9SyOdvTiwZuuukm/um73+XQ//gznHwB27aR
BLdIKZCzlDVc9mWd/9SJ817QArQU6PBlrTVCazTwkfe9jz//3OeoAISbxyR4
/f033syX/uLP6KyrRrl5NAohNEJpLOCzn/o0f/y7v0PUd9Gei08AYmHZ08ap
EIHSrRRCB09gYOP5eKYg7Vh8+9ln+MkrryCqq5jT3s7R48eYmhino60VlECr
cNGh/lg0wIUQwcNCAA5yLivqm/iT3/4d2mrqeG7/AZ4/080PXnuNT9ywg3/3
vnuQnhccU2bECzE7DPqL0WXnWK9HMzYiJCkDs94Ajh8/zpmz3dx62x1IKVEE
Iu/4mdM8fuIo6XS6tIHFc2ng1d27eam/PzyfLBr2pc+oEKAaEFphGdNuBKFB
6uA4lA+eoqa6ksZYgkcOH2JOTQ3zWuciy7RqoUOXhxBIgsN0aC1CAN6oZbF6
5SomfY/Hnn4aq6aGL37ta1R6Hh/ZcTPjhuR73/gGouw6ZjNddo51KVIE3EoJ
Qm6lAj9S2YY8t38///zww6QAZZooBD7w7L69fPn7DzOQyyNMhwBuEi0N8sB3
Hn+C7+58jIJpIGQgVk2lEL4XbJgR+KyU9hG+j2NOw0QisD2finye3/jAB/nF
W26l04lRAzx4192sW7KUxopKbFOitBeK0ZDrieB2K6VABWJZC4ERj/DK6ZP8
f1/7KrZhUltbi9CBiP6zf/gSjxzcz0dvuImF1VXofL50/bOZZi2wgBls3xcS
JQ2QEl9AFtDRKLKqigzgCoGSgfhyHIeoYRDRBE+4EqgQpD4QiUWJGgamCsAq
AbNQoLmmFh9I+gplO5jCoCZiUxWJ4AN5w0TZFtpXGMk0712znm2rV9HSUI8G
+sfH6R8dpbq6lqqqCpRSaMA3DAqAG4pU6bogBR4BePIS3GiUo319CKC9tY11
y5fzh7/3n4nYDk899RQJoLVpDsrzLve2vCmataIweNIFQmmUFpixOGYkgi9A
iYCDCMfBl0agCzk2ygyek/tvfy/bbryRff39/NE//QuuZaCRCBl4rD/76U/z
S0Lw8I9/TG58Egv4iz/4HHWJBC+PjXB8fIzXurvZtnYtf/lf/piqSJQn+/s5
PTXJwZ5zXLt8BZ//jd+gAXh4/2vMXbqYEeB3/+ov2b71an79E5+gpa2ViYkJ
8kDOdshHY+w5eoQPrF7DH3/+D5jX3sHu7jOMplNEqmqwDcnZkSGSwNbNWzj6
3W+zsaqS//27/4lERYwR4NTQEMKa3jIxi81C4wtf+MIXLvcizidFwFmODfTz
5N49GEKQ0ILuM90c6TqD4ftETJMjhw4zNDaCqE6w/9AhpoZHiJomQ729JCfG
OXv2HAeOH8fQYHs+UV9h+oqxgX4mxsc4eeIEA339CNsmMzHOq4cO8Y/f+jYF
X3HmxEnS+Sy18Rh7jhzli9/4BjnX49jBA8QTUdrmzOHpl17mWw8/REVdLcf7
ejh+6nQgQuMxjp04wcToKPHKSl47cICh5BSDPefw00kWtLWz9+QxvvzVr5HO
FzBNm3NdXRw5eBDf88lkUjz/3HP0DvSxsrOTZGqKv/3qV+g+08Ud27bTWV+P
zewWN2LWxApLmoMMxAPww927+F/f+Q6R2mr0ZAqJwEzEUUrhpdI4tolhmkxm
UthOlIjt4E5OBfFCAdqKQCyGEhJDSlQuh85mEFqhRSAyDWFSyGZAa3wBIhrB
tB2Er8hlUziAj8a3o9hOFJXP4udzOIbEcxVGPELeC+KN0aiD9nwy2SxmLIaW
Aj+TwXEcpB1B+wo/PYUhJb4Cw7Yw7SipbAahNPFYlGwmhYHAicfIpNNEhMBD
BG6XXJ7f+8jHuG7FMmwCF4ucpUxrVopCEX5J1+U/PPhhVq5YXXpNEHCz4udg
GpLivC8//KkJ/FsSMNEoNApZioj4zLSyZHhOSdHNMB1mcpkZSZFlx4uy/2OF
7+cJ9ChZdp4i6bLXims+XzE3w/P7wP59B/AL+QvOMxtpFgFLXvCX5WkaLIta
4JXTY2Rx8IWJRiKFCHUMhUKDDrZOCAKvKyrMVhAYeEg/S52dpE6cxPMUg34n
WdGEi4WSJlIExkL5hjlqnHrRTdz0yPpx0qqClKzHE1GgaFyoabahXaTyiKsR
GmU3lmUxqOYxqapQ2CgtEDJ0FyiBlDIEk4/QQXZDcE6J0oFj13Cz1CYsVjfH
aDQEOh8GpTWIWRwsnEXAutjiNFEtyGdT/OnnPsNwVuBF55InjsYIuE7pvk4D
U+jp514LsIRGuGlWNmf597fX4Oan+Lvvd3FyspqC3UpeRAh8jQotps8Ty53h
uvnDfOC2qzjZ7/FPP9jFuLGQjKwFpaeBIAVCaCyRx8730x4b5d/fs5y8dvjL
73+NnlwDWlooRJnCXfw/qmzdob8LhaFdTJ1ETHaxdfVi/v5P/hu25+KGQJKz
nG3NamAR+MyxVJJ739PMntO9vNA1ho7PIS8qcUWEi6mIsgxYSoRhE+1xavRV
prJ51i+pZfu2ZrqfGCATXUJazyHAk0IIIzwHRIxRKit6aG4sMO6BjGoKVj1Z
0QJCo8sCwkIYVIpBHP8wN25rZ+mKGh555ggDhQS5ivkoHeSHBZ8V6PCJmE5D
UwTMTGLqLAkxgUyd4ep1DtvXxTBxUUiECkJMsxhTwCwHVtE56qs87XMTrNty
PYknT/DEq/vxrAUou4WcjOHjgCp66S+85a4EQ4Elq3nipT0s6tjA1Wtqeeng
aV4aT+FbbSghQRdDRxKhIYpEiCxSTCAw0dKnIExyMg5CQej4DI7wcQtJ5jdk
uHpdI/3jSZ7a24UbvZ6sUVECYZHDCl3ObVUY53RxRBo730dMneTO97Ry21Ud
TA5NEGhrVw7NQov1Qr+yEg57jvYiVJLP3Bbld+90WWLuIZY5QpR8sLlSgNSB
NXjelwq92J7dzEvn6nj1tKQ5MsXta2yc/FlsmcUQRe4T3BKtNcIIfjcwIHSk
Cq0QUofxPgMtJBIfS+RwvH5uWeswtzLDc/uTHBtvxbXrUfiltRTPXQ4qGYpI
WyWJZw+wPL6Pz7/f4peuM8hPjnCyewKNjSE0SqggKqFntx9rVnMsdJBu7JsJ
ntw7zMmBfj753g6uWdNOXaPDv/zkFK+czWAmlpIzasgTKeM6RZFTZCkGWSoZ
N5fw2K4ets2z2Li0lhX7PfaOnwW7HV/EMbQbgEoYCB2GX6BkKCCCwJHQLiiJ
LwwM8tiFHhY1umxe2cLY2BhP7cuQjiyloGNoQYmzBecOdS3lI7RHxMgRVRMY
6YNcu7jAgzevY0FdnpNdA/z9905SXbcGhV069kqgWcix5AW/50UFqdgGXuhd
xB99PclTh02WNnt87v56PrplnPrMTuzCWWxcJBqhp7lO0VGgtY8nHHJOKwf6
fPaeGiNRWcmOtbVUZw9j+SkkHqaeQuRHscJzKT8Al5SyBAip8oj8GBZJTMDR
aapyh7lxTS2JqipeODTI6TGbnNVEARNRBogSMJQfcDrp4hS6acrt5NPXF/i9
exvprHV5aHeBP/p2ktcmlpGKrqQQXFGZTqlgFkcNZyGwzqfAmZkVc8jGVnAq
u5T/8/1TfG/nMYQheeDWpXz6fR0ssI9QkdtPnGEMskhxoahQmORIkKSJR18d
YzIXZeuyBGubpnD8MUyVoS6SYdvGeVgqjVR5DKHRpfNoDJXDVmmu37iQOieH
VEksb5jVTZNcs7KKgaTJU/uTuJG55HUcFRZpzEh3QWORJy5GqMjsZnHsBJ+5
bzHvu24B+YLLv/5wL3//SDc9ahVT1iKyoh6PosUYnmOWc65ZDiwVVrmAlpqc
ssiZrQxbm/i7F+r40+9OMDCSYse6KF/4YBXvadpLJLUXW49jqnyo0Bddj6AR
KAx8p4Xd5+p45YRLY2yKmzdGcHK9xHSSqNfDlqVV1EdzWGRA+IELQktM4WOp
NI3xHOsXJ3DcLiJqFMft5ZYNERpjUzx/KMfBkRY8Yw5aC4SQIV8Jo59aYuNi
+WPEk7u5a/4x/uiDVVy12OFEX4o//MYwX9nfTjK+hazRjEeEma6J8rSZ2bt9
s1vHOo8UBgURoWA65ONVPN99mImv7eajOzrYsLSRX3tgE7XPjPCT3S+RcZaR
kU3kiOGHfnCBxqCAkiYpezFP7ulh+0LJhqX1rHhNc3CgCy8/RjY5RFOdxcDI
FL7v4usgMU9qH8ufpL1xPunJAbzUIAnDY2mzz+YVjSSTSZ7aWyDnLEQhMcii
cEpau6nzodXXQ406zb3X1/H+LS3E7Tw/fa2Pr+7s5bi7nmRsEZ6KYRgGUmou
HnWbze7R2Qz5EpXrFKCFRiMpiCjpyFL2ZbbzX7/v8rVnkximza/eHOP336uY
b+whkjuOpdNAoDxbOk9Ej0FhAtdq5MA5n93HxonEY9yyoZIq7zAon+HxHHMb
K8GbAB0EZIQwMISL8EaY21TBwEgeKSyq3CPcuqGaWLSSVw4Nc2bIwLOqwR0h
yiiGLgReda1w9BSR1F5Wxffwh/d4fGy7gasdvvjYBP/jh4pj6jqy9iJ8kQAR
PAwl7/6Vsl0hXVEcK/AdgUKgtYlPNTm7Ctev5qtPv0LvQD+/eOMcrl7VTGVD
gn99/Ay7elJEIovIUY1XyLBmVTO1VRGeeHoPcTPGk7u7WLJ4IRsWS3a3ZXj5
XIrxkUGWdNRxVPfj6AymTmErSZQJKqXH3GrFi/v70H6Gta1ZNi2OMpyCZ/aN
YFgt+JlxdrxnA+f6Rtl/MkXU8bHcIezMYW5Y5vPATatZ1JDhXN8kX3r0JM93
VZCq2EJKzAksv6L49n0EV44lWE5XwCNwngJe9AeF8TmFwDUbmKi4ip+cbOfz
X5/ixdNRljdn+P37Knhw/QgNmaeJqyFilqD/9FFWd9bynrVVSG+Mff1xXjjm
UudMctuGBI4aYaz3MHOdYaq8k9iFHmJ6lAR9RHPHaDJ6qDMHGek7jqVGuHV9
BXOiKV44kuH4UAIzP8DtmxpY2FTB4NkzJExNNNdNu/cUn74+y+/cU0NHVY7H
90v+4OtJnupdQrLiWnKilmkbNrjGKxFQRZr1HKtcvygKhKJfqPizoB3yoolI
LMbhqbP85bcO8bFtPju2tvPhWxfT1jLJPz+5n+FsNdo3eOSh7/LAfTeTnzjD
sdOKF189yu0Lo2xeYLJtQYHR9Gssjmt+9f2Laa3KEsmfpi1q8ct3LiJHBdo8
QKc8RPM8g00LK8kn+3h5b4aMirNm2TzWL2/jn7/9PaQLsUIPHVVpPnbLYjYt
iqHyaR5+5iRfe8VmyFpLzmknT4Ki++AKxtIMmvXAeqOndtqbDS4xss58+r0Y
f/XkMQ4NZ/jIDSY71tosbkzwlZ8c4vlzzQx5DTz22E5u37GD1He+Tfeplzl2
MMIN62r4jVskhiGIyZeI1xcw/DRuYYgaYdKxMIZPlow3waoPx/F8RbUc4rG9
w5zrVnTMu4lt12/nuw8/znjax/GHuHXRGPfftJCWRptTgy5ffnyKF083UYgu
Jivrg3CUCJJ4tKbMtXFl0xUErMBc16/zOR+LrLDwrA48s4bHDh1gZGA3H7t1
His6q/nUBzZT89wUT+06Qd/xHAcqknzgulYGDlawsMnAzPQy10hjkAcvD54C
obFC+SSygcvCEZJaK4ZrRSm4CdpqDa5aaLBkWzvPPvU9hs6dpi4S57brFvD+
rR1U2i6vHhriXx4/x/70GpLxFbjE8YVFkVPp8zzz09d8ZdLsBpbQ+IRNNS5i
chfFIQTGd/ETvpAUdBwZX86uyQq6vt3Ng9sL7NhYyaduyrO5Eb7+eC9dr77G
B5et5+Pvn4OVPol0R5HCAxQyjAmqsKZMhJ1rtNZB9oSXwRB5LC/N6tY5LFu8
kEd3P0z3nqOsbJ/Hh2+qZtkizZQX5Ss/neLbz+eZsq4h5zQGuVmimE4Y0PR1
XIxjXXkAm93AAoTSSAURPUVMFfB1FC1sfG2iMVHFm65FCQDgYxgefsHH1ZVM
6Sa++pP9jA5088B7Gti6soGqqih+eoD1TUM4yXMYfhoZ5oeKMHCNDrdUF9sh
FVelkWFep5QeRqEPS2W4ftFcCnfOp3X+ChY32/SOjfMvTxzlp8ckaXs5qYKN
jIAhXHxthRyryKV08KCgMNAIPGydR5LG0KlpF+kVIilnN7B0kBFqqyxV/hmy
OQ9X1VAwqnFlFdqswtcSDwMhTAi5gPDSNFa73HHHWsa693Jo/1Emck38cN8U
3YNdPHBjExuaJqnSQxj5IaTOBpn2YaS4vOxfl21kOdOc9iwpNC7Cm6BaeNy7
volRxnn2aDXffLqP44MRlFXF3MQkN61ZSGzOcr6/8wAjWQOkMx0X0CqoP8TH
1HkMlcT2JxDZQaJeWO6vpxc0HU+YnTS7gUVQAiZVkjuvnY+IGpztH6ZvuIfB
8W4mMpBxBb6Mo80EWsTxZQQpCmQnJnnp2X62rmrl7rvv5lRvgeP7X+TQiR9w
ZE4/NzTbRLKnprW2t7lLWge5WEIHWZ8qlyRqGDz7zH5OdNfStPQWlq3cSHu9
RU9fHy/89Gn8rEEUDTqLVDlM8ggvhfAzGGSJWT71lZLGqhjNdY201sawYDor
Ivy/sxlZswhYM73LCsIszSAU0lKVZc2KOqLrbPy8STaZY2g0Re9oju6hLGdH
NL0TJqP5KqbcGJ5RSdeAw+lzR2iq62XzmsXcd8sKzN4jXDd/CsM9h1D6HVZf
FGhFVKS47/q5LJ2Yj9e4ildPpnjyxbOMpwpIYSFwiagzOHqCGmeK+mia9iqP
9nqTlgabuY0V1NZUEqtI4BtzOHkmh0nucm/QW6JZBKwLqagsa+nwo527eXmP
y6K5kvZ6m+aGBJ1tjSxcmMDFJp03GU1Lzo169Izk6RnM0jc6ycREhszIcV5+
5Cd029189oMddNQW0Kmp8Ol/Z5N8pfaQ3gTrF7Rz+vmD/NOXXmBczkc5NdRZ
USoiFg3VUdoaHeY2NNPe2ElTrUlDXBAx8xi4pFJTjIxOsP/YMMe69+DE5nPH
jiBletZU670BXXZgTed8X4x1BKzfNRs5mlnG+IRGns5iGS7VEUVjlaa90aV9
jqStwaSpWrBxvsm1i11MX1PI+4xPuIyM+fQN+kz0T9Fg92IWFIYogJ5WhmUp
If3NbVzpuKKboOw4iwLCG6A1OsHqpknq2mtpbXBpaahiTm0llZUOZtSmoGyS
BZOhKc2LfT5dAwXODWfoG/MZnYyQycdwC5ItKxaQKxWUXRl02YH1elTcK1dD
1mxnXCcQVgShXUb8FN1Dk+zrHyHq91NtT9IYz9JRq2iv03TOsZnbEKe2uorm
pnrWrVyIUWgjkdoPbl9o1QXAeCcsrXKFX+o8ZIZYv2QunWuuR8TmYlFA+S7J
ZJLT5/rpGTpD95BL17CiLxlhMFtJStWRk7X4Vh2+WYG0bFRmiozZgseVw61g
FgDrLe1p2CFZCRNpJNBGDI868noeaZ2nP5vlYE8GziQxyVLpKBorDDrqCiyq
T3LVfJ81VQaW8JFq2ockg35Fr7/OEmcKj1HT1pkWoYtCBK8L4WORxhQFRify
HDk5yclhyelBl4FRyXi6kkyhHlcm0FYVroziR6IoEcETFkoHpWKmDpwPfphv
X/y6EuiyA+vNUHHTtNYoIdEI/JDnaBFFBLYjpulhkkaISQw/Tb6QZmIoSW//
WfZNvULte+ew6SoTwytQzCF4szygCKjAyyTRIqh5VkiQAl+LIBwjJRoTLUyU
XcuTj+/h4VemyDhLyZjN+FY9vlGNb1fhyQR5WYEynPP+mwwLNzwM4VNMFbyS
ct5nEbBmWoXnP5kzbqgUpY8X89sBDJ2hITLOmhWVRHQBGxtUJVHmEs2tpL1V
4XtnUCooE3s9UAkRiLdyMakRKGHjY4PhBL9LBz/kMq6S5IWFllGkjOBFWth4
3Rqa1yXwzXp8I45SJgURJ6uq+NGzh+ged8mJBMr18P3A068VICwEPtpNg8qH
a5rprZ/NNIuA9RZumro4JIpFD5FIhDgRLKGwhEVU5ElEKnCsNJfMINChj0io
gPsogS9tPOGgZRSsBL6OkMwIkllFOq1JFxQ5T1LwDVxl4Vkx/MpaTg2OUttQ
S7yukbSuIhON4CkbT/sYwg97bVms3LiIZq+GAjEMEWyF5/kU8h6+q8inU6RH
h6itC0r6fa2uEFjNKmDBxTQIHTZLK4oBqQV+6cktZlcGbk5tVTCY9nno+X4c
ncRSSUxvnITfTWRqD413zeWqpkip9lOUudU1MshPVxotTFxt4Rm1pIxG+iZt
eoYkyUIcw2wgGm2kqnoOFfFamqrriMYqiMWroHYOPzhyiG++8g1Sp8CTE/gi
iS9MVJC4H3jMpYmnTZS0wYqBtJBS4pgWTsTGMkxilkOi2qaxIsa89iZ8iu0p
w7WL2S0aZxmw3piEAKk8pHAxcDGFh9Q5pJfD0BnwUlikiYkC1RWallqbeXOW
sLC2k5Wtk2QLBzCwMHTQbU8JicLBJUpB2+SljbCqcKJz6BrIcqQ7g13VQdvS
q2luXU1t3UIcWY0IejUjwrZLWeCZc+f4k6+8yIg5H2Jx8pRXZl9M7Q46CgpZ
QGtN1ssikkFoR/kelqeRmRzR/DjceBVw5ViGVxCwisFmF4MCtp/C9MYx3SEq
jXEanSnmVOZprfOY1+TQWR9hTm2Cqmob07BBxCCXwcsaeMQQMgdoPB0hoytx
nTbcqvlM2W0MTFicOjhC3G7kmluuY37rUgRRwMIPGxX5GqQQoIPxKSfyOf7L
l7/EpAAVieKhZ1i8WlxCiAkRfDI0UERYSSSlhTZUwKFsc7pV0yzulFxOVwSw
DKWJFc5QmXMxDJe4WaA+IZlbG6GlIUZncwNtdZI5VZLKmIdNGtw0qeQkZ8/1
MzA8Qc9AkpGew9x19RzWLJzHhJdByShGxVxcp5WuZIQDJwvsOXGOE6fG+Oht
H+Pu2x4gAnhKYwiNDEY3ASEAtEYLSR74++9/lzPpDKqmGldMB/IuhgMhBL5W
ZXE/jZRBQ11CY8QvZmqIsG3A5d6Et0izH1ha4njDrKk5SVODz4JmQWdTjIbq
GImERBsWnjAYTkL3qEvPsTznhlx6B11GpwwmkyaFtIXhwhyrnoVDVXSu3UI2
UsuQl2Dv2TyvnBjhUO84yRzIjODDN3+UB257gDhhAzgpyvKkit1ofHwRNKjd
P9TPE/v24yUSuOcv/wIVSIaB6wAtpdx2pS/w6QU97WdaxP8mCt8hChr4F7jl
ug2sWl6D5fXjZsYYGxvjeNcQ54YKnB3x6R0X9KUcJgpVuKICzBhuwSEWqaNl
cRUrFzexeUUjLZVjvDjWy8u7R9h1+hxn0xHyTj15uwlTKBZV23zgzg9hAob2
S22NzicRirA88OL+/Ux4Hq5l4suw+ZK+lCvzzdt15YCanSr6pWnWAqukU0iN
Lys40m+wfyjJucEsA6Meo8kEyWwFPkGqDGYcjBh+zMbwpmiwRrhmcycrFjfR
0DqHcU/yalc3+547ztmhEXIigrZbKVTaKEx8KZCpNDds2kArYF2i7KrU3jEU
gx5w4lwv0rHCWYaX5ijTVtzMZmul30Uw+yKgUjE95Yp/aajC5d6gN6BZCywI
xISUEmXEeOzFHgZyEteuxjNb0GYCP+agQ9Hko/C8AugClVGHJWtWsfHaJQz2
HOKFnY9ysG+CAc8kF6nFTywodQMUQqCUF/i8tGbDogVEuXh2vVJqWnSFrYgK
wGQmhcAohYa0FkFqczj8sjQVQ/tlDUKmHcLFPKti39OgtE1hKjC0xigPP4XD
c4oDPmcrzWpgQWApeVjk7HbyxFFmBC0krqfRfg50AcP0aaivoK6xhua5tUTi
kolUP3/28E4mJ0bwDQOcBtyYjV9MZ5YhOLQO+pl6iupojPbm5lKP+ddVmaVR
amYbsexgUIHnTgPKU5jSIFERxzEtDCExLRkEn6RECjOYVqY1vu/jeV4AVDdH
wXUDEOddZC6Hn8kEGaRlzUWKXHO2gmvWA0uGTdNSniLle1i2jx0xaKiIUVtT
SW1djHilg2EqJlOjdA8fY+DoIFmt0ZaBqGgqhWVmNNIoU4KlBnxFbSJBXUVF
KUFFh1G6UpG/lGVpPpDVirFslojv4UxOUmnWkojYxKuqidfV0zU4QNPcFuLx
OMr3QekAMFqjw1G/ppRoEYLNDDrTyFCtE66LN5lk1Zw54ZKn1zzbVfjLDqzy
jSr+XT4QSXmaqA3XX7eCUSOCiNrBiF1VIJlLM5Q+y8jpcSamUih8DEsinGB+
TuAAnTbrS/niMxqyafAVwlNURGNUYCDRpQBTcSxJDhgaHWZgaISRkRGy6SR5
z0UbkutXruCObdupa2igoaoaKxrl6ZERvvC3f8veyYPktcY4LzdBl7Ijwq7L
WoJQGIYRfAlJ3DaJuR6tkSCkI5nd4q+cLjuw3ogCdg8jU32cSCbJ4pMp5Cj4
bhjGMcAyUTETjY2HQgtRluYiw67uBjMbl80koTVRJxICKtB3BsfHOXWmi97B
ATK5LHbEIVFZzZymBhrrllFVUUHMcpBQmiAmgQHg61/5Kql8FhGLIA0BOrjV
0w9NUVfyQwsz+NsL3RhCKbxMjlQ6Rf/wYOleyNJ9md0gu+zAEhf5u9wOEuG4
uN7JUQbyBYRjBYOSQnmhZnQfDqfBl1taYSdiHZ5ZnOcBF+EATaUUkUQFSeDY
kUOcOnUKz/NoqW9k9fLltDQ1kXCcmd70kL/KcOU+gTL/7KH9HOg5i19dFVib
IVDLOVbR+hPCmCnWin8LwviViTCssO/otAN1ttNlB9YbUWkgpWXgexplFFsZ
BS2tiwPfLqXIzuymF3Y5FkHra6EVeD628on4PqNnTvHwjx6hJeKwefNm2hqb
sMKbJAl1sdBjrghqAZVSYac9A18ICsCuQ4fJGQLftoIepnqa8xap5Gm/BE0P
AJ1+zN6NHP13iy47sM7XsYpUnFeo8YOHVyuKvf11yJXK8+QvJRXK22ALHUzq
0b4HrocjBB0NjdSbNlX5HPdcdRU3rV5FveXM4JzT4keVzH2j2MhfGqUuyJqA
Y/WMjGKYEfIKio4LIeR565oe8ln0sAfDCIpCVZX1UC3ze8kyYM3iErDLDqw3
opnNXMuprG32JVAlNAgpEMpHKIXvumitqKqsYP6iZlqra3H7B1jZMIcHbriB
TidCBDC1V8qPKv8f4iIDmIvv6VAwukCu4AbDmst6uZc+d956Z3CtcHrs63Ky
8vdm8cTxyw6sN3NbDAJdJGyMRUk0lHLVL9bXQSK0j3R9dD5H3I7QMreFlrlt
RKI2QwP97HryKe5euZpfu+12qsP/I7WaASp4fSW51A053GMLiDp2OOy5/HOh
PhYkyZdGq2jtB1wwnAGktX+R+OIl1jJbR38xC4D1RlTUsVA6aOIfjjMpSYRw
Bk65wq59H+X52JZNY309bc3NVCXipNNpurpPM9Lfj0omuWH5Mn73wY9QRzCi
zSjLOLgYvR53LL5nAfXV1XCu53UuaqbXfYZ/6g2w8m9B6HeKima5H1bW+D4C
FSrNgQ9KhpOwTCGprIhTX9tEdXU1sXgFBc+lb3CA/YcPk8nnEFIS05q2WILf
fOBBKgm4jBGkdjKdmRoq10WOxBtxLo1AYyNY2DIXXtuHuEhjWi1UmdtgJlcr
/2SgD5YPL7iyaNYDS+sgGtja3EQmlQxG9QqBZVkYhkHUsojH48ScCBHbwVcu
uUyWkZER+g8fIZ3NoS0DaTvgOIDCT6d573XXszSeCPNAS1G6Gf830J0usqay
30uT6MPqIQGsXLqExKM/RruFGY1EtBT4aFzlo/18aE2K8CExkIZEy2IKtsTU
OjBalObKcDJM06wHVnESfGNtDW5VJcKOBqkpYYytkHdJptL0Dw8zlUySyWTw
tcI0bZAmJBLh4EuQWiA1JEyLHZs2EgfO8yIFo9/COGGxvVBA08Ffdd7PYBCm
II0imc1hCag3DfJjY5imVZqVoy0DLxplbucC4rEIyvPBD6CZz+cp+B6u65LP
58kV8vi5Am4uiy5kKffWXQk0q4ElNJjhMPF9+/bRlcuFab9B36zAzDcCa8qQ
QajHiQRTU8M8KhXa5MV5hBQKdM5pZGF9YzD+9iLBZh9dZlWIGWEmDeTcAuOT
U4yMjDA6Ps5kMkmuUMDVPtIy8e0In7zjDmQ0TiJegR2NYEccpoC//PrXmZyc
RPsKKQLxLYQgEomQcGwsaSAtE2FIDKXQ6QzL6+qn11ZyU/xbEPptkSz7TQHS
iaGFxLdslASpi/7ugKYDzecFmctuvqEVopBnQXMTMYr++Jn5TkVSIaB8IOW7
9A0O0jvQz9jwCIVcHtu0qIjHqKuppb21lYqKChKJBBEzuKUu02LSJYg1/vjk
abrP9ZBLxOkZGwuX55fWp5QKDD0RrCpqmSR8qF+iy3xhPlcCzVpgFUmpsJpG
CjwhAjEoDfw32XBhRhamBtP3aWtsDFwYWpV0o2k3ZBgnHB3lTHc3vUMDZLI5
ovEYjY2NrFm1mjkNjVRYVgmOxcGUQZlF4Ox0mB4flxOSJPCdh76PNky0baP9
4ti70AgpOkkpgs3A04rJXJrxyakrpp6wSLMWWNNVKcV+7mHBgZSB54Ewzqb9
i4qE6ddC3Si0xoTSVMQTwZBwHSjNxQyGvvExjp84xcBgH4YWNDU2sG7lalpb
mnCkeQneVpZ+w3RGqCizJn1gV08v+/sH0NWVeP7MlGetBUKXGQoS0BKlQ75p
lE8zuzJo1gKrfMqVBEShgAko30OLYLZ8eVjkfLrUa0JKTNsKRJW0SOWyHDx6
jJNdXfhC09LSwrarr6G1rj7gagScqPj7+a0AyksgRPFbGbi01gGwjh4jKYNi
25lcVIalYdMPgNBhGEiDqUDn8xcA+t+yG34G0r6PoRUJYE17Bz0HD2LVVOOL
IsfSZeb89MZAeS759N+B6JH4pklvLsvTL73E0NAQcxoauWbLFjqbmy+IBJT0
sJJPa+YWX3RrxfT/RQTNS46fO4u27LLRvTPH+JYOndGLAqxMjg0LFwdiVsqy
wZyXe3den2YlsIpBG8eyGRgaYv7Spfzahx/k6H/7Y87k8riRCJ7QpXz3gC7U
QgRh5oGvMdFYeRcrl2X/8y9Qfa6fpS1NbNu2jQrTCrJGlY8hRJD1II3STBul
w57cb5PywNjUJMoKskURKii314RZEjNjh1JoTC2QuRwbOjr40I03IYCRsTGq
KyvDq57FEWhmcbslCWxcv47TPT30j4+y0DT57fs/iJPNYvkeBjrQm2Z8heJO
F6fCK8hnsbw81uQEbQJ+9eab+cydd/Gxm3ewbeUq6k0Lh8D7bkqJISRSmuE5
QlEoZAAyVVTxy0F8iUmnKuBuPpBFkcpnoawKpzgj+gJxJoOwlenmqPE9futD
99MI9AyPcG5wkPWrVyN1OMlez14LcVZyrGCwt6AyEuGG67ez89HH+OgDD3DD
kmV87Nab+eIjP0bW1ZITCkFgPZlCorUHEDgePR/bsWhv76BS+SyIVfCpu+9m
qeMQB0ylAzFX1om4vHn/RfWXt5gPVfShaR22TDKC9GOtxSV4TRCeiiiFNTHB
L9//QdbPacEAntn5BDdcdz1xywqyNWa5s3RWAquYhgKCpS2t9HZ08uMfP8qt
t93Kr9ywg57TXfzw8CGs6mo0Hkr5wTxCIamoiNPY0kxddT2JSJTM1DjeYD+f
/ejHmWda2IDUGlMG3WbetAJc+tj5TP4STF9Og8cSBrZlQS6HsEIRW1TwSynU
CgGY+DA1xd3rN/CxzVchgUefeJx5zc0sbm4KK7Nl2ERr9tKsBBYE3MNE42vB
jVddxVcfepi9Bw6yYdVKPvvxjzP5f79In+djVlciIxGikQiO4yCEIJPJMDAw
wPjgAJmRYe6/dhvtpkVMgyHKdJqfg4oigBhQFY8hJsbBtxGGMaOhW3EqhaM0
RjrDuuZmfvPBB0kAB0+dZGxsjF/84P0YGszQ9JzNFiHMAh1rOlwyU1cJ+2Fg
iQD9d91+Gwf37uVcfz9zLZs/+fS/Z1VNNZbrkfd8zvYP8OrBgzz98is8v28f
x4Z6yaCxTYuNK1aHuVbFs6ufy2SHog1pAs3VNUgv1I2EnL7uMAPCQCAzWTox
+MIvfIJGBCMTk7zw3PPccdvtGASgml737O5IOmtXVqog1oEPqcI0ufOOW9n5
6E/I5HK0ALes20DXa/s4ffAAg4ODpAp5tGUhIhGwbZQUxGybljlzQh/TNHh/
Xs7GIhDam5oQrjudghyuR2uNoRV2LkeN6/K5X/pFVlZVooFHfvQwO667joaK
iiDL4Qryv192YF3qCZypVINQPh11DWzbdg3f/8F3Ac2OFSv4/V/8JapyOUx0
0GS2qLxoifY1iYhDRcwOz6pKCvqbFyWXsPouRRdJaDWABXNbcbQutbmUofiT
COyCR3xykt954H6umz8PG/jBQw+xZMkSVnR2YmmFIYLikSuFLjuwXo+mC00D
kWigWb1wMcsXLuJ73/0OJnD32vV85gMfwJ5K4rgKQ8/0jEcci3hkumxL/5yt
qWDGMyxsnkt9LBauT4HSmEoRyeVxJif4zN33cM/atVjA40/tJBFx2L5hEwKF
JSil3hTPOdtpVgMLKGNpQYtqS8N1GzZRVVvL93/yCHHgo1uv4TN3vo/I6BiW
68/gRsoH3w9DPzronfDWnvufTZcRQmMBbbEo8+rqwM0H3ApFRCnssVF+5bbb
+MT2a0kAz+1+ldHkFO+7+Zaw9Owi3v5ZrrgX79oVQ0HsTGEAt15/A45h8tjO
x4kAn9i+nc/c836siUmcfAEzrPfLFfJkcoXgeCFKIZGfNyWAZW3taLeAozSR
gos5Ns6v3HE7n75pB1Fg32uvcebUae696+6wP5cq1U1eafSuAevitTNvn4o6
lzAkEk0UeP+OW0hnsvzkqadIAJ+89lp++557qJhKInNZhBCkcnmmsukwLeZn
SIx7gwsqvX2BuRkU99vA0o5ODN/HLBSIjY7zq7feyq/vuIUEsOfYcXYfOsKD
976fSkToXb8yQRVc9RVIMhwHYgL33XkXuVSSJ3fuJAb8wrZr+d0HH6Qmn8fJ
F/A8j/6R0enC2MskRgSwsG0utVoSn0zxmx+4j0/dtIMYcPjIEV57dQ8ffP89
JAwTi8DZeyWIvEvRuwasN/IT/awcLZjUG3Cu+++8i6lMhh89sZM48MDadfz3
T3ySFs9D5/N09fSEFyvCzNC3cdnFC7rEwqev92KxxOCAKsthru/zuQ/ezyev
2UYF8OqhQ+zas5cP33sPjRGnFFafWaj7NsT3Oy0y3urt0pfJxLhUaf1bOV4T
VLH4QpJH8NCjj+IV8rz3zrvIA/uHhvj8//5rWmpr+L+/9VskoNSi6G2LmTdc
eNFPJkrDD3wEXWMjfON7D7F+80auWrUaB9i1Zw8Hjh7j/vvupda2MVRQQH3h
6S+sInrXb/DPSJcNWG+VLnmfwuwRnyAL9MfPPkPv8BD33HMPljDpzWT5h3/4
BzatXsMd27cRJ+gvigr1rTJf2TtJCo2HIAe8fGg/Tz/5DLfffjurFiwAYOdz
zzM4MMD999xDzJDY78IaLif9vwEsAu7lCyggeGn/Pg7s389777yL+qpqMsBX
vvlN8rkMD979fpoqKxFaY4jp5h7v1KYWE2t8ggKKb/zwB/QNDfPgBx+gIZFA
AT985BEUmrvveG84luD/LVDBOwGs0o7PdEy+4cff4QspFi4Emyo40nWGnc88
w9Zt17JywQIk8MxLL7LzxRe44YYbuGHNOiwC0WjMSDB++2pnsarHA44ODPD9
hx6ms6WJu997JxKYzGf53g8epr21hVuv3oZJkJhajAGefz3TyvvbEIWXmf6f
AdY0KTwEPoLBqSke+tEjtLW1seOabfhA1+Q43/7ud6iLxrj3zruoiycAhVQa
U8o37Ld14X/ToXodZEh5wE+eeoo9h49w8623sm7BfARw6uxZnnz6KTZt2cz6
JcuwCTjVG9+PN3dfZxu986LwXWNJb3TeUGlGooMW/iiCmr6HH3uMiWSK2267
jZpYFA089cJzvLp3D5s2b2b7pq1BnWEpLUWFme6X9tKrsFJaEZTXF4Djfed4
4vEnqauu4c7bbyNqWfjAMy+/QPfJ09x5223Mra0rZTxc9Nzv0P27zLr77ADW
m+IObxFYqCAo7YacZPexo7z88stsXLuWDavX4AHDmTQ/evRH5NMZbtn+Hha3
twcVQaFoNMqAVb7GosgrOhJG0ikef+ZphsZG2b79epa0d2ACY6kpfvzYo1RU
VHDHjluIIhBKY79e+6HzrvPtVjtf7HZdrDfXu+Ur+zko78XOdOXtDt/Ji7pQ
VJQa9gtQqDD7SjKeTvPjnTvxUNx4ww5qE3FM4OiZMzz7wotUVFex/eqraKmp
xSHQv4JzBc1xgxFwsqRHTXoFXtq1i5MnT7J8yRK2bd5aWtHz+/Zy9Mghrt24
mdWLFgdujrLZOMWeENMdTF+ffmb3jL54L4orEljljTN0mIdUfFrfTWDNXMP0
+x6BaHz14EH27X+NRQsWsm3LFghf33P4CIcO7qOuopKr1m+kLeyvHkBzeqTA
6NQUu1/bR1dPD3M7Otm8eTNVpokEzvb38ezzLxCpSrDj+huotewg7ldaq5yx
7osB66IFuMUNe7t7ERo3fngGk8CSfrfCRj8zsF7vgn1gcDJJJFFBxAhuqa0v
3ohuupWiP6OC+UL62ZRZL9S/0m6ex3/6U/pGR9iwYQOrFywunXH/oYMcOHIE
O+KwdOlSFi5ciNBw5swZjp04Tmpqivmt7axbt454JIIPjGVSPPfiC0yOjLFt
69YgLkjQt9QQr6+vvd4NvdT9fasPpqdcfGlRACZSLpaXo66qIkjVPq96+52g
dxVYHnCoq5e/+rv/y9btN3Hd9mtoigdPS7ETsTnj+OnQRXEIkrjAz/Q2gVVm
vaowtFMAzo4N89yLL6JzLhvXr2fxvHkogia1p3t7OHb0MFNTUxgIEokE8xYu
YMm8hUGzNmAyleKVV3fRNzTEkiVL2LxmbViwEeSQFR+UNyvyLrbs8rZJxQrH
aS5Y9tmynl7FY4pcWgGnBzM8tvNpjh3Zz+d//dO0NlSVek280yLxHRSFFzaf
9QmKNf/sS9/hb777NE3zlnLtptXccu1GtsyPEoOSLiPCJmM6nCShtcDXAhl2
EZ4eNqJKXYaDN4r5p8YbrvD8DfND7qWBE2fPsmvvXvL4LFu+nBWLlmKHG5jN
55EIoo5d2qSBsXH2vbaHkaFhFs2bx9UbNxMpY8XFkvxLP3iX0g3Pe12IUrca
D3j8peMYeNy5dTmW8krXrUXY5dAwUWHP+TwwBbx4LMmPnnqVl3a9wkTvCf7r
f/xVPnzTepxLSI93gt51YLlAbw4e+N3/w8nhDAhNRLis7mzg1ms2sm3DSuY3
mmGvquLtVKAUShqcG5riTG8fG9ctm/GZorAUoai5mK7wZsSFUl5QVS2Cfg6n
B/rYt28fqakk8zo6WbtyJTXxOAJI5nKcOHOGI8eO4SmfRYsWsXrVSuLIEge7
YA3FG33J+yVLOqgvppsUFb33ChjOw3P7zvCjJ37Ksy/s4uMfuJPP/cItRHRQ
Ue2Hxa9+eIwLdI/B4y/v4bHnX2P/6QFyIobhZbl5TQt//Z8/RhXBQ/1u0btu
FfoKMhK++nwXn/urf8avbMHFQhXSCDdLfcJh7ZJOrt2wgqvXzGNBLUQI8pc8
4InDg3zm9/4ri1et55qtW7h27RIWtxpUMS1Si2JVXNRDfXHROd1IbdofVepk
DAxOTLDv4EH6BoeIJuIYQpNOpqitrmHZokUsam8vcaRANOkZWtSbYQTFHqdF
EBW73uSBvgzsPzHI83uP8sJrx+kanERKieHm+Nh7t/NHH91GLDyuQDDsvC8D
Lx3o5+ld+9l14ASDU3m0k8AwIxjaI54f5l//+NfY3JEIuHGpSv+d9+y/K8Aq
TmvQYde5nJAMA7/2p9/hySPDeJE6QAQNZf0cOjeF7SZpqrBYv7iVzSsWsXHF
QuZ1VPBsN/z6f/4TXGyEVlSbBRa01LFq4TxWLprPknnNtM5JUOXM1NfkeT+L
Dg/FTDFVfF2HHf8koESggxU3+fjZbiSCBe3tRMLjg3BMOGKlTNEuF39FfUiV
vX5+m0kdgmJwAk6d6+PY6XO8dvwMR7r6OTeeJEcUotVoM4FEo1KjfOSOa/n8
h9eifTjTm2bv0VPsOniMPSfO0j/pUbAq8K04ynBAmJgoSA7yy3dt53P3rwkC
8Tp4GEC9gbE0S4A104c0LeuTwHPd8Ctf+BuyVjVKWqERrxF4QRqu76LdDLhZ
qhyTjnmdOFW17DtwBHyN5xaQIuiLrj2B9j3iEYPGmhgtDTV0tjQyt6mB9qZ6
5jRU01BpUhWDCmO6FVERaEVwFf++wOoqA0CRZNnnRNnnyo8pKtjlv7sEnGXK
g7EUDI1n6R+a4mz/MN39A3T1DtE3MsFYMoPng7SjCMtBSYEwTHIFBdLBMAxQ
eRa3NrCoqY7TJ47QNzxGuqDQlgN2BG1E8IQRjMQTErRAumnm15r80/94kE6g
Irz+IPj9Bsr72/RzvKPAUuH0bE8EN3PChdP9KY5093LwdC+He8bZfW6SlI4E
wJpxQQE/kQiE9jDw8AoFFJqIJYkLj7vuuJWB4RGeeuZ5fGURiUQAhfLz4BXQ
Xg5D+1jSJ2obVEYtaqIWtZUJ6qqqqa2poCIRpTIeo6qykspolFjUIRZxcCwT
x3GwDIFhCKQMBwKY0y0bfA3aD39q8DyfvKvJuwVyuRzZvEs2nyeZyjCRTDE5
lWIimWM8mWFkMslYMslEKs1U1iXrSTxhoYSFsBwMy0SFCpbjOEGTXuUSj1m0
trbT3TtGQYE2THw3j8rlsW0bbdooaaClgdIX70Bj+lkaIz7r5zWwfG4lqzrn
sLitifaGSqrMaQvznQwxvaPA8oGsp/j+E8/w0IsHOTmYZTCjSXoGLhbaiaGc
BErYMzhbObCCF1WQzlI01TOjPHjHNuKOxhcG+w8cobm5mVd37yOddSm4CiUs
TNvBU6pkSaJ8hJsP2jBi4WuFH86ZNzAQQmNIiRAaxxAYpsAyTAzDwJIieE+a
JfC7ykcovzTM0lU+BVfjayh4Hr7vo1TQe16gQUi0EUGF5wmS+AogNUJGyauQ
+7p5yCVZtriDBfPa6D59iqrKCqorEiQSNmvWb+GRZ/by1MsHEJGA2xuqLKND
zGwAF8wNmkaEQGMrDy+bxPYzOCpNTGdpjmuuX9XJJ+9/HwubGy9hV7++jnop
vL3jvRukKVm2bBldUzCYOcq5iTG0tLBsB9+0KbaqKwaKL0pCBOPihIkhAg5R
W1fF8088wvHT3XzoQx/CED5333ItscpaMjmPs739HDxygpr6Bvr6B5hM5+js
aMeSmtHRcYZHJsGywYwjDEnBVViWhev7SAPShTwWFko7kPeQbhqvkEfaEYS0
8cNWlQYCKSSuWwiHKkmkGUFHTHwFhjAwhaIu4ZBOJ8lkC3gabMsmm02yeH4L
nZ2t7N13kLb6JibGxlg4r4MNK+Zj+Hnq6qtpqADbMMlms7S3t/HTp5+kvqYT
E4XGBW3gFXNhxUy+MD2MKpjTaAqN8D2EVjimAUogpcm89nns2LScmzctobGx
9qLbcP7EsrdC76iDtNw35AEZ4JUjQzz24h5+uucYp4dT5K2K4KkzHJQ08NTF
nSkz2vTkJ9m8tJn77ryFXbtfxZKC+ooY9bWVnD5zhrr6WoRfwDJM5syZA9Lg
wOETjI2NsXndKkZHRzl1to/JVJ6hiRSDQ6O0tc3l3LlzxCprmJiYYPXKFfQM
jtM3VkAql9Xzali/Zjk/2vkiQxMptBFWUxcKmMJj5bIFZDJJLNugf2icybTC
cOLksgXWr1zI+2/axNhILz946BGWrlzD4UNHWLp4AbfecDVdp4/TNzJJU8tc
es71UltTianyVFQm6B0eJV5Zg2U6aGFz7Ew/PUMTTCY9hsbGcJWHE68g70fw
MUKOP1MEBsAKBpWjssjcJLabpqMuwvZ1S7n56vVsXt5IjMD6ft1si7dJ77jn
XRU9MUqgpcQlsHr6M/D8/l6e3HWQ3YdP0T+RRllRsCMo00ZrC19MK5zFO6QR
mDqP445TX+FQyGVxLINlC+YzOTVONOrg2AYJx2BhZxtnzpyhqqoKaUeDVkV+
jobGeqTpEInX0HWuF+XD0iWL2Lf/Ndo6FnCyq4vFCxay87lX+emek7Q21vML
793CwLnjVDfN56ev7Cbvaxw7ytYN65gY6cexJJNTo6xZs5qJqTT7DneRcyXP
v7ybG67dQtwbxBF5tm1/D9KMMDqZYrCvn3xymHnzO9BmhBOnzzI2PkVHRwed
ra3sP3SQ3pFRptIZCuk8pmVz/FQPWhv4vk9H53y2bN/O/hNd7DvUjbaiwWMs
gglnUmgM7SO8PDJfQPgZ6hMWG1Ys4KYta7l67Vxao9PunGKQXVzCD3hZgXUB
0Epd5mTJMvTCV1wCP03vJLy8/zjP7DnIq8e66BlP45nVKCsOVrys+X/gWzJ1
nriRx3AzFKYmEULgCgsrEg/eNw0qYjaJeATTNHFMg7raSpSXJxaRVNdUMDww
SCRiY5sWq5YvwTFgamqKk6d6icQTODGHJ59/lbPDPkvmt/GbH3oPz/zke6xc
v5Hu3j5GxybZsGEDr+3bzfLlyznX318qy5hKp9iydRv/+JVvcfD0KGtXreTm
rYuZGunBtGM0t8/nxVf3U11dy7y2uRw9foIjp7pZvGw1p8/2cvzESWpq6hga
GsJXCtwsRiGDg0tHUy2rly1g+1VbWLmuhX9+9Cx/980foYxKPGmHlqqP8HKI
fBLbTTMnYbJu0Vy2b1jFNWuX0VkvSwp6yTrWoUV4qaFT5zGMt6rDvwt+rPOV
vfO7DAcAK3Kysyl4+VAPr+w/yZ4jpzg3NEFOSYQRQdsRhGWjlMKWPr9w/900
Rg327nqZk11nGRibIJv1g4i91AjDQJrBDHpDaoR2cRwH2zYxDIFlGsRsC4HH
kgXzONd1DowIkXgCyzHJK0n/uEfP6VP89i/eybUbO3jx5YP0D4+wYMEiDh06
xNLF80ln85zs7g04rJL09fVw7TVXsf/oaboGc4yMjHDXTVvpOn6YA4cOs2TF
as6c7cNTiopohPHRMXwtcT0V2MFC4LsuhoD66grmtTaxdnEHm1YuYvnCamqd
4L79zbef52++8ShGdTMuJp6rwM1jqDzNNQnWLOlg66qlXLN2PgtrA8+6UwLS
Wwtaz0JgvcGCQ0vG06IUwij6fSZcOHRimN1HTrDr8CmO9QwxMJXHkxGUkDRX
x/nL3/9l1jSDp6C3N8Wps30cO3OOrt4hekfGGZpIMZlxyfs+SpggbZQ0gwRA
QTBfB/A8D9O0ENJGSonv5eict4B0XjE0MEhMFKirjpHN5/C1IBpLMDIyQn1d
FZlMjoJPyfioTMSpr6ticGiEPBHS6TRedgrbDKbR53IZLFMiVB7h57CFxhGa
mniUhtpKOlsaWNTextIFbSxsb6a5OqjaKW5oGvjzr7/El7/1CMKJ4vs+CVvS
2VLPxqXz2bxiEWuXdNJcNdN1EDYtB4o9IH5+dBmqdFT4/cI+7brM250Duifh
wMlB9hw5yaET3Zw9eRgzPcDvf+aXuO/GqzGYDoMUgKSGoSnoHUozMDzJwMgY
/YNjDI5OBP6jTI7JdIZsroAXNgtRBC2uhQ7cED4CKUxMGU7FCKeeKi0C14Dy
wrWWDeNUBbRyMQwDTTALxzIkEdMkFolQVRmjsaaCxtpKmuuraK6roa2pjpb6
BM01Qcc/K/wKhKuPRKIQZHz4n1/8Cl/+4fO0LFjOogWdrFyygHXLF7K4zaKa
gCvZEHZ9nnm3i+rqWw3S/6x02cu/zk/5nTlRazrlowD0Dec4duQgp44eZMe2
raxevrR03PnHl6eYFMGXKsBU0mcynSGZzpFKZ0ml80ylU2TzOTK5PHnXwy34
FAqBO8HXCt/3g8HmUiIlGIaBlBLbtLAtg1jEJh5ziEccotEoVZUJKuJxquIx
KhMWlXGIcqG3n4u8VhqcEN6DgydP8/yufaxct4XOeXOpcqb73xjn/Xw7POkC
EfcOJctfdmC9mSsuL6tyw5cNBbbUIYsPOxG/jiJaDPQWz8V5f5f/VBdZxvnn
K25uqWV3cV1MA+TCyRZqeprUm8hXKV6zX3auYg3iW0n0e93JsNO3+RIvvD36
/wESIKvdm0rExwAAACV0RVh0ZGF0ZTpjcmVhdGUAMjAxNi0wMy0xNlQwNjoy
NDoxOCswMDowMHHOqd4AAAAldEVYdGRhdGU6bW9kaWZ5ADIwMTYtMDMtMTZU
MDY6MjQ6MTgrMDA6MDAAkxFiAAAAAElFTkSuQmCC
"
